{
  "te_half": {
    "station_data_s": 0.01537321400246583,
    "loft_regions_s": 0.5315148450026754,
    "aft_boxes_s": 0.004838863998884335,
    "wing_cut_s": 28.755260013000225,
    "cs_fuse_s": 0.5642103940044763,
    "cs_common_s": 19.953352838012506,
    "total_s": 49.82457238800998
  },
  "te_half_twisted": {
    "station_data_s": 0.016428784001618624,
    "loft_regions_s": 0.524768369999947,
    "aft_boxes_s": 0.004173932000412606,
    "wing_cut_s": 59.56880315300077,
    "cs_fuse_s": 0.5947545410017483,
    "cs_common_s": 82.92088097000669,
    "total_s": 143.6298215519928
  }
}