{
  "te_half": {
    "station_data_s": 0.17547866998938844,
    "loft_regions_s": 0.5420982899959199,
    "aft_boxes_s": 0.0040738400421105325,
    "wing_cut_s": 31.00075351895066,
    "cs_fuse_s": 0.6358035929733887,
    "cs_common_s": 21.978939677996095,
    "total_s": 54.33715783903608
  },
  "te_half_twisted": {
    "station_data_s": 0.016428784001618624,
    "loft_regions_s": 0.524768369999947,
    "aft_boxes_s": 0.004173932000412606,
    "wing_cut_s": 59.56880315300077,
    "cs_fuse_s": 0.5947545410017483,
    "cs_common_s": 82.92088097000669,
    "total_s": 143.6298215519928
  },
  "te_half_twisted_moderate": {
    "station_data_s": 0.17613013804657385,
    "loft_regions_s": 0.5383007969940081,
    "aft_boxes_s": 0.0043008629581891,
    "wing_cut_s": 37.515370611974504,
    "cs_fuse_s": 0.7342566209845245,
    "cs_common_s": 23.61298519402044,
    "total_s": 62.581356758018956
  }
}