{
  "te_half": {
    "station_data_s": 0.17066247899492737,
    "loft_regions_s": 0.5319073749997187,
    "aft_boxes_s": 0.004947242006892338,
    "wing_cut_s": 30.769353580006282,
    "cs_fuse_s": 0.6473053649970097,
    "cs_common_s": 22.114844962998177,
    "total_s": 54.23903553400305
  },
  "te_half_twisted": {
    "station_data_s": 0.016428784001618624,
    "loft_regions_s": 0.524768369999947,
    "aft_boxes_s": 0.004173932000412606,
    "wing_cut_s": 59.56880315300077,
    "cs_fuse_s": 0.5947545410017483,
    "cs_common_s": 82.92088097000669,
    "total_s": 143.6298215519928
  },
  "te_half_twisted_moderate": {
    "station_data_s": 0.16927246800332796,
    "loft_regions_s": 0.5225185259914724,
    "aft_boxes_s": 0.004178008995950222,
    "wing_cut_s": 37.16799965999962,
    "cs_fuse_s": 0.6639044759940589,
    "cs_common_s": 23.238751066004625,
    "total_s": 61.7666351020016
  }
}