{
  "te_half_sandwich": {
    "total_s": 910.190213193011
  },
  "te_half": {
    "cache_hit": true,
    "ribs_s": 151.2996710659936,
    "spar_slots_s": 11.027327301009791,
    "pi_preforms_s": 171.20516667302581
  }
}