{
  "te_half_te_cut": {
    "station_data_s": 0.1726574350032024,
    "loft_regions_s": 0.6110541649977677,
    "aft_boxes_s": 0.00525231400388293,
    "wing_cut_s": 31.411162092990708,
    "cs_fuse_s": 0.6903797090053558,
    "cs_common_s": 22.82325158000458,
    "total_s": 55.71377379899786
  },
  "te_half": {
    "lofts_false_spar_s": 473.99974156900134,
    "hinges": {
      "stations_s": 7.34738396400644,
      "cs_pockets_s": 192.2459952680074,
      "false_spar_pockets_s": 122.62412414098799,
      "access_bore_s": 7.862610730997403,
      "face_match_s": 0.008913416997529566,
      "total_s": 330.94489277899265
    }
  }
}